{
  "Location": [
    {
      "Name": "日光サーキット",
      "ControlLine": {
        "Start": [ 36.662478, 139.862441 ],
        "End": [ 36.662261, 139.862694 ]
      },
      "Sector1Line": {
        "Start": [ 36.661776, 139.862868 ],
        "End": [ 36.662033, 139.862769 ]
      },
      "Sector2Line": {
        "Start": [ 36.662828, 139.862875 ],
        "End": [ 36.663017, 139.862657 ]
      },
      "AreaPoints": [
        [ 36.663652, 139.861035 ],
        [ 36.663656, 139.864388 ],
        [ 36.660941, 139.864233 ],
        [ 36.660833, 139.861175 ]
      ]
    },
    {
      "Name": "筑波コース2000",
      "ControlLine": {
        "Start": [ 36.15012102525094, 139.91975285060062 ],
        "End": [ 36.15018599965687, 139.91932101496084 ]
      },
      "Sector1Line": {
        "Start": [ 36.14996237918297, 139.9210128182846 ],
        "End": [ 36.15000461263837, 139.9206064636298 ]
      },
      "Sector2Line": {
        "Start": [ 36.14952542399931, 139.92163039691468 ],
        "End": [ 36.14932183563278, 139.92202736383817 ]
      },
      "AreaPoints": [
        [ 36.152258242960855, 139.92457896903048 ],
        [ 36.14782265045812, 139.92046982493056 ],
        [ 36.148810314096536, 139.91863516699985 ],
        [ 36.15318517627269, 139.919869014058 ],
        [ 36.15326314622757, 139.92375283646524 ]
      ]
    },
    {
      "Name": "筑波コース1000",
      "ControlLine": {
        "Start": [ 36.15103720003551, 139.92467912245306 ],
        "End": [ 36.150966269121994, 139.9250230931502 ]
      },
      "Sector1Line": {
        "Start": [ 36.15063004045458, 139.9235861764755 ],
        "End": [ 36.15079351650882, 139.92329853295504 ]
      },
      "Sector2Line": {
        "Start": [ 36.150765361157625, 139.9245196086003 ],
        "End": [ 36.15084824042712, 139.92424601454658 ]
      },
      "AreaPoints": [
        [ 36.152258242960855, 139.92457896903048 ],
        [ 36.149975455552344, 139.9224868764376 ],
        [ 36.148498392908685, 139.9245146493926 ],
        [ 36.15112770407411, 139.9260112720496 ],
        [ 36.152422824718236, 139.9249652379323 ]
      ]
    },
    {
      "Name": "鈴鹿サーキット",
      "ControlLine": {
        "Start": [ 34.8447852663645, 136.53826299164749 ],
        "End": [ 34.84516168721652, 136.53883161994327 ]
      },
      "Sector1Line": {
        "Start": [ 34.84442330950413, 136.53076904752714 ],
        "End": [ 34.84430003626194, 136.53029429654433 ]
      },
      "Sector2Line": {
        "Start": [ 34.84396083244673, 136.53011439338516 ],
        "End": [ 34.84427888869643, 136.53021632379216 ]
      },
      "AreaPoints": [
        [ 34.84374450954363, 136.53024959549623 ],
        [ 34.84635083638763, 136.52140903472994 ],
        [ 34.848983438806265, 136.52120515000942 ],
        [ 34.848146926009534, 136.53775979188853 ],
        [ 34.83972908123721, 136.5462141145812 ],
        [ 34.83708731978061, 136.5419654787444 ],
        [ 34.84252040919092, 136.53051782989053 ]
      ]
    },
    {
      "Name": "エビス東",
      "ControlLine": {
        "Start": [ 37.64453790443828, 140.3708865278348 ],
        "End": [ 37.6441864124548, 140.37066524559705 ]
      },
      "Sector1Line": {
        "Start": [ 37.64500071629142, 140.37344494103 ],
        "End": [ 37.645275199424304, 140.37371714407246 ]
      },
      "Sector2Line": {
        "Start": [ 37.64373384098156, 140.37392032142105 ],
        "End": [ 37.643991844428854, 140.3741154305612 ]
      },
      "AreaPoints": [
        [ 37.641387160119216, 140.37521695421464 ],
        [ 37.6451591369174, 140.36803940674994 ],
        [ 37.64701106381393, 140.37011007205646 ],
        [ 37.644572982776495, 140.3766225013701 ],
        [ 37.642253740119834, 140.3763864635622 ]
      ]
    },
    {
      "Name": "エビス西",
      "ControlLine": {
        "Start": [ 37.639604131538285, 140.37128299311436 ],
        "End": [ 37.639973723825214, 140.37126690406424 ]
      },
      "Sector1Line": {
        "Start": [ 37.63896404310929, 140.37400584767963 ],
        "End": [ 37.639257106423614, 140.37422439989174 ]
      },
      "Sector2Line": {
        "Start": [ 37.63987092965768, 140.3682792836393 ],
        "End": [ 37.63961071476291, 140.36835641336882 ]
      },
      "AreaPoints": [
        [ 37.63824903610339, 140.36697804778274 ],
        [ 37.64089123691373, 140.36679565757433 ],
        [ 37.64087424556884, 140.37658035581302 ],
        [ 37.63776476402914, 140.37653744046983 ]
      ]
    },
    {
      "Name": "SUGO",
      "ControlLine": {
        "Start": [ 38.14211695811524, 140.77767409454185 ],
        "End": [ 38.1425029968801, 140.7777384675566 ]
      },
      "Sector1Line": {
        "Start": [ 38.14020006957074, 140.78078703028024 ],
        "End": [ 38.140592476285335, 140.7804678169815 ]
      },
      "Sector2Line": {
        "Start": [ 38.141052356984346, 140.7729147164495 ],
        "End": [ 38.140660023637864, 140.77303003483095 ]
      },
      "AreaPoints": [
        [ 38.13714900470678, 140.77383095138094 ],
        [ 38.14057499694718, 140.76976472261725 ],
        [ 38.14412739540842, 140.7696252477246 ],
        [ 38.142861715082894, 140.78489238117268 ],
        [ 38.137324679251904, 140.78295425511686 ]
      ]
    },
    {
      "Name": "本庄サーキット",
      "ControlLine": {
        "Start": [ 36.17095427552791, 139.1087030795124 ],
        "End": [ 36.150966269121994, 139.9250230931502 ]
      },
      "Sector1Line": {
        "Start": [ 36.17072711893701, 139.1079202423832 ],
        "End": [ 36.17096096507438, 139.1079148779653 ]
      },
      "Sector2Line": {
        "Start": [ 36.17119481051395, 139.10809458596444 ],
        "End": [ 36.1709479736406, 139.1080919037555 ]
      },
      "AreaPoints": [
        [ 36.17013600475635, 139.10517366042603 ],
        [ 36.171448142286074, 139.10521657576913 ],
        [ 36.17225360196645, 139.1074749956987 ],
        [ 36.17185520358936, 139.10977096655347 ],
        [ 36.17022260657923, 139.10960470247784 ]
      ]
    },
    {
      "Name": "新座テスト",
      "ControlLine": {
        "Start": [ 35.820032104302456, 139.56576265424405 ],
        "End": [ 35.82017129739359, 139.56523694129132 ]
      },
      "Sector1Line": {
        "Start": [ 35.8211151941036, 139.56497408481496 ],
        "End": [ 35.82075851556009, 139.56540323824575 ]
      },
      "Sector2Line": {
        "Start": [ 35.819849412999964, 139.56470586392072 ],
        "End": [ 35.820071252384025, 139.5652262124555 ]
      },
      "AreaPoints": [
        [ 35.8187924050494, 139.5647541436756 ],
        [ 35.8207715647846, 139.5640889558579 ],
        [ 35.8219764356871, 139.5663098248683 ],
        [ 35.8200103553599, 139.5684824141117 ]
      ]
    }
  ]
}
